<?xml version="1.0" encoding="UTF-8"?>
<beans xmlns="http://www.springframework.org/schema/beans"
	xmlns:xsi="http://www.w3.org/2001/XMLSchema-instance" 
	xmlns:aop="http://www.springframework.org/schema/aop"
	xmlns:context="http://www.springframework.org/schema/context"
	xsi:schemaLocation="
           http://www.springframework.org/schema/beans
           http://www.springframework.org/schema/beans/spring-beans-3.2.xsd
           http://www.springframework.org/schema/aop
           http://www.springframework.org/schema/aop/spring-aop-3.2.xsd
           http://www.springframework.org/schema/context
		   http://www.springframework.org/schema/context/spring-context-3.2.xsd">

		
<!-- 	<bean id="personService" class="com.sunRays.PersonService"> -->
<!-- 		<property name="personDao" ref="personDao"/> -->
<!-- 	</bean> -->
	
<!-- 	<bean id="personDao" class="com.sunRays.PersonDao"> -->
<!-- 		<property name="sessionFactory" ref="sessionFactory"/> -->
<!-- 	</bean> -->
	
<context:component-scan	base-package="com.sunRays" />

<bean id="sessionFactory"
		class="org.springframework.orm.hibernate3.annotation.AnnotationSessionFactoryBean">
		<property name="dataSource" ref="dataSource" />
		<property name="annotatedClasses">
			<list>
				<value>com.sunRays.Person</value>
			</list>
		</property>
		<property name="hibernateProperties">
			<props>
				<prop key="hibernate.dialect">org.hibernate.dialect.OracleDialect</prop>
				<prop key="hibernate.show_sql">true</prop>
				<prop key="hibernate.hbm2ddl.auto">update</prop>
				<prop key="hibernate.current_session_context_class">thread</prop>
			</props>
		</property>
	</bean>


	
	<bean id="dataSource" class="org.springframework.jdbc.datasource.DriverManagerDataSource">
		<property name="driverClassName" value="oracle.jdbc.driver.OracleDriver" />
		<property name="url" value="jdbc:oracle:thin:@localhost:1521:XE" />
		<property name="username" value="sun" />
		<property name="password" value="sun" />
	</bean>
	
<!-- 	<bean id="dbUtil" class="com.sunRays.DbUtil" init-method="initialize"> -->
<!-- 			<property name="dataSource" ref="dataSource"/> -->
<!-- 	</bean>			 -->
	 
</beans>           