<?xml version="1.0" encoding="UTF-8"?>
<beans xmlns="http://www.springframework.org/schema/beans"
	xmlns:xsi="http://www.w3.org/2001/XMLSchema-instance" 
	xmlns:aop="http://www.springframework.org/schema/aop"
	xmlns:context="http://www.springframework.org/schema/context"
	xmlns:tx="http://www.springframework.org/schema/tx"
	xsi:schemaLocation="
           http://www.springframework.org/schema/beans
           http://www.springframework.org/schema/beans/spring-beans-3.2.xsd
           http://www.springframework.org/schema/aop
           http://www.springframework.org/schema/aop/spring-aop-3.2.xsd
           http://www.springframework.org/schema/context
		   http://www.springframework.org/schema/context/spring-context-3.2.xsd
		   http://www.springframework.org/schema/tx
		   http://www.springframework.org/schema/tx/spring-tx-3.2.xsd">


<context:component-scan	base-package="com.sunRays" />


<bean id="entityManagerFactory"
		class="org.springframework.orm.jpa.LocalContainerEntityManagerFactoryBean">
		<property name="persistenceXmlLocation" value="persistence.xml" />
		<property name="persistenceUnitName" value="personPersistenceUnit" />
		<property name="dataSource" ref="dataSource" />
		<property name="jpaVendorAdapter" ref="jpaVendorAdapter" />
		<property name="jpaDialect" ref="jpaDialect" />
	</bean>

	<bean id="jpaVendorAdapter"
		class="org.springframework.orm.jpa.vendor.HibernateJpaVendorAdapter">
		<property name="database" value="HSQL" />
		<property name="databasePlatform" value="org.hibernate.dialect.OracleDialect" />
	</bean>

	<bean id="jpaDialect" class="org.springframework.orm.jpa.vendor.HibernateJpaDialect" />

	<bean id="transactionManager" class="org.springframework.orm.jpa.JpaTransactionManager">
		<property name="entityManagerFactory" ref="entityManagerFactory" />
		<property name="dataSource" ref="dataSource" />
		<property name="jpaDialect" ref="jpaDialect" />
	</bean>

	
	<tx:annotation-driven transaction-manager="transactionManager"/>
	
	
	
	<bean id="dataSource" class="org.springframework.jdbc.datasource.DriverManagerDataSource">
		<property name="driverClassName" value="oracle.jdbc.driver.OracleDriver" />
		<property name="url" value="jdbc:oracle:thin:@localhost:1521:XE" />
		<property name="username" value="sun" />
		<property name="password" value="sun" />
	</bean>
	
<!-- 	<bean id="dbUtil" class="com.sunRays.DbUtil" init-method="initialize"> -->
<!-- 			<property name="dataSource" ref="dataSource"/> -->
<!-- 	</bean>			 -->
	 
</beans>           