<?xml version="1.0" encoding="UTF-8"?>
<beans xmlns="http://www.springframework.org/schema/beans"
	xmlns:xsi="http://www.w3.org/2001/XMLSchema-instance" 
	xmlns:aop="http://www.springframework.org/schema/aop"
	xmlns:context="http://www.springframework.org/schema/context"
	xsi:schemaLocation="
           http://www.springframework.org/schema/beans
           http://www.springframework.org/schema/beans/spring-beans-3.2.xsd
           http://www.springframework.org/schema/aop
           http://www.springframework.org/schema/aop/spring-aop-3.2.xsd
           http://www.springframework.org/schema/context
		   http://www.springframework.org/schema/context/spring-context-3.2.xsd">

		
	<bean id="personService" class="com.sunRays.PersonService">
		<property name="personDao" ref="personDao"/>
	</bean>
	
	<bean id="personDao" class="com.sunRays.PersonDao">
		<property name="jdbcTemplate" ref="jdbcTemplate"/>
	</bean>
	
	<bean id="jdbcTemplate" class="org.springframework.jdbc.core.JdbcTemplate">
		<property name="dataSource" ref="dataSource"/>
	</bean>
	
	<bean id="dataSource" class="org.springframework.jdbc.datasource.DriverManagerDataSource">
		<property name="driverClassName" value="oracle.jdbc.driver.OracleDriver" />
		<property name="url" value="jdbc:oracle:thin:@localhost:1521:XE" />
		<property name="username" value="sun" />
		<property name="password" value="sun" />
	</bean>
	
<!-- 	<bean id="dbUtil" class="com.sunRays.DbUtil" init-method="initialize"> -->
<!-- 			<property name="dataSource" ref="dataSource"/> -->
<!-- 	</bean>			 -->
	 
</beans>           